<?xml version="1.0" encoding="UTF-8"?>
<project-private xmlns="http://www.netbeans.org/ns/project-private/1">
    <editor-bookmarks xmlns="http://www.netbeans.org/ns/editor-bookmarks/2" lastBookmarkId="0"/>
    <open-files xmlns="http://www.netbeans.org/ns/projectui-open-files/2">
        <group>
            <file>file:/F:/Spring_framework/com.coderbd/src/com/coderbd/Q03/Test.java</file>
            <file>file:/F:/Spring_framework/com.coderbd/src/com/coderbd/Q11/Candidate.java</file>
            <file>file:/F:/Spring_framework/com.coderbd/src/com/coderbd/Q19/TestClass.java</file>
            <file>file:/F:/Spring_framework/com.coderbd/src/com/coderbd/Q52/Test.java</file>
            <file>file:/F:/Spring_framework/com.coderbd/src/com/coderbd/q35/Test.java</file>
            <file>file:/F:/Spring_framework/com.coderbd/src/com/coderbd/Q18/Test.java</file>
            <file>file:/F:/Spring_framework/com.coderbd/src/com/coderbd/Q84/Product.java</file>
            <file>file:/F:/Spring_framework/com.coderbd/src/com/coderbd/q69/Test.java</file>
            <file>file:/F:/Spring_framework/com.coderbd/src/com/coderbd/q31/Test.java</file>
            <file>file:/F:/Spring_framework/com.coderbd/src/com/coderbd/Q56/Test.java</file>
            <file>file:/F:/Spring_framework/com.coderbd/src/com/coderbd/Q10/Path.java</file>
            <file>file:/F:/Spring_framework/com.coderbd/src/com/coderbd/Q06/Test.java</file>
            <file>file:/F:/Spring_framework/com.coderbd/src/com/coderbd/Q75/Test.java</file>
            <file>file:/F:/Spring_framework/com.coderbd/src/com/coderbd/q36/StrMan.java</file>
            <file>file:/F:/Spring_framework/com.coderbd/src/com/coderbd/q38/Test.java</file>
            <file>file:/F:/Spring_framework/com.coderbd/src/com/coderbd/q61/Product.java</file>
            <file>file:/F:/Spring_framework/com.coderbd/src/com/coderbd/Q60/Test.java</file>
            <file>file:/F:/Spring_framework/com.coderbd/src/com/coderbd/Q14/Test.java</file>
            <file>file:/F:/Spring_framework/com.coderbd/src/com/coderbd/q65/Test.java</file>
            <file>file:/F:/Spring_framework/com.coderbd/src/com/coderbd/Q78/Test.java</file>
            <file>file:/F:/Spring_framework/com.coderbd/src/com/coderbd/q65/Screenshot%20from%202020-12-27%2020-16-55.png</file>
            <file>file:/F:/Spring_framework/com.coderbd/src/com/coderbd/Q54/Theory54.java</file>
            <file>file:/F:/Spring_framework/com.coderbd/src/com/coderbd/Q53/Test.java</file>
            <file>file:/F:/Spring_framework/com.coderbd/src/com/coderbd/Q72/Test.java</file>
            <file>file:/F:/Spring_framework/com.coderbd/src/com/coderbd/Q85/Test.java</file>
            <file>file:/F:/Spring_framework/com.coderbd/src/com/coderbd/q34/Test.java</file>
            <file>file:/F:/Spring_framework/com.coderbd/src/com/coderbd/Q15/Test.java</file>
            <file>file:/F:/Spring_framework/com.coderbd/src/com/coderbd/Q09/Test.java</file>
            <file>file:/F:/Spring_framework/com.coderbd/src/com/coderbd/Q59/Theory59.java</file>
            <file>file:/F:/Spring_framework/com.coderbd/src/com/coderbd/Q02/Txt.java</file>
            <file>file:/F:/Spring_framework/com.coderbd/src/com/coderbd/Q82/Test.java</file>
            <file>file:/F:/Spring_framework/com.coderbd/src/com/coderbd/Q05/Test.java</file>
            <file>file:/F:/Spring_framework/com.coderbd/src/com/coderbd/q40/Test.java</file>
            <file>file:/F:/Spring_framework/com.coderbd/src/com/coderbd/Q16/Test.java</file>
            <file>file:/F:/Spring_framework/com.coderbd/src/com/coderbd/q65/MessageBundle_de_DE.properties</file>
            <file>file:/F:/Spring_framework/com.coderbd/src/com/coderbd/q67/Test.java</file>
            <file>file:/F:/Spring_framework/com.coderbd/src/com/coderbd/q37/Test.java</file>
            <file>file:/F:/Spring_framework/com.coderbd/src/com/coderbd/q63/Test.java</file>
            <file>file:/F:/Spring_framework/com.coderbd/src/com/coderbd/Q12/Candy.java</file>
            <file>file:/F:/Spring_framework/com.coderbd/src/com/coderbd/Q76/Test.java</file>
            <file>file:/F:/Spring_framework/com.coderbd/src/com/coderbd/Q81/MyClass.java</file>
            <file>file:/F:/Spring_framework/com.coderbd/src/com/coderbd/q62/Product.java</file>
            <file>file:/F:/Spring_framework/com.coderbd/src/com/coderbd/Q57/Test.java</file>
            <file>file:/F:/Spring_framework/com.coderbd/src/com/coderbd/Q08/Test.java</file>
            <file>file:/F:/Spring_framework/com.coderbd/src/com/coderbd/q33/Test.java</file>
            <file>file:/F:/Spring_framework/com.coderbd/src/com/coderbd/Q73/Test.java</file>
            <file>file:/F:/Spring_framework/com.coderbd/src/com/coderbd/Q01/Test.java</file>
            <file>file:/F:/Spring_framework/com.coderbd/src/com/coderbd/q66/ResourceApp.java</file>
            <file>file:/F:/Spring_framework/com.coderbd/src/com/coderbd/Q79/Engine.java</file>
            <file>file:/F:/Spring_framework/com.coderbd/src/com/coderbd/Q51/Test.java</file>
            <file>file:/F:/Spring_framework/com.coderbd/src/com/coderbd/Q55/Test.java</file>
            <file>file:/F:/Spring_framework/com.coderbd/src/com/coderbd/q64/Test.java</file>
            <file>file:/F:/Spring_framework/com.coderbd/src/com/coderbd/q68/Test.java</file>
            <file>file:/F:/Spring_framework/com.coderbd/src/com/coderbd/Q17/Test.java</file>
            <file>file:/F:/Spring_framework/com.coderbd/src/com/coderbd/Q70/Test.java</file>
            <file>file:/F:/Spring_framework/com.coderbd/src/com/coderbd/Q04/Test.java</file>
            <file>file:/F:/Spring_framework/com.coderbd/src/com/coderbd/Q83/Test.java</file>
            <file>file:/F:/Spring_framework/com.coderbd/src/com/coderbd/Q07/Test.java</file>
            <file>file:/F:/Spring_framework/com.coderbd/src/com/coderbd/Q58/Test.java</file>
            <file>file:/F:/Spring_framework/com.coderbd/src/com/coderbd/Q77/Test.java</file>
            <file>file:/F:/Spring_framework/com.coderbd/src/com/coderbd/q32/Test.java</file>
            <file>file:/F:/Spring_framework/com.coderbd/src/com/coderbd/Q74/Test.java</file>
            <file>file:/F:/Spring_framework/com.coderbd/src/com/coderbd/Q13/Test.java</file>
            <file>file:/F:/Spring_framework/com.coderbd/src/com/coderbd/Q71/Theory71.java</file>
            <file>file:/F:/Spring_framework/com.coderbd/src/com/coderbd/Q80/Test.java</file>
            <file>file:/F:/Spring_framework/com.coderbd/src/com/coderbd/q65/MessageBundle.properties</file>
            <file>file:/F:/Spring_framework/com.coderbd/src/com/coderbd/q39/Test.java</file>
        </group>
    </open-files>
</project-private>
